{"cameraMode":{"drawMode":24,"name":"Light Overlap","section":"Baked Global Illumination"},"sceneLighting":true,"audioPlay":false,"sceneViewState":{"m_AlwaysRefresh":false,"showFog":true,"showSkybox":true,"showFlares":true,"showImageEffects":true,"showParticleSystems":true,"showVisualEffectGraphs":true,"m_FxEnabled":true},"in2DMode":false,"pivot":{"x":0.050243861973285678,"y":0.19605755805969239,"z":0.19050422310829163},"rotation":{"x":-0.15447764098644257,"y":0.5983266830444336,"z":-0.11892733722925186,"w":-0.7771776914596558},"size":0.26330235600471499,"orthographic":false}